{
  "Avg": {
    "nprocs": 7.0,
    "nthreads": 7.0,
    "pss": 1874.0,
    "rchar": 877422.03125,
    "read_bytes": 66978240.0,
    "rss": 4748.0,
    "rx_bytes": 1864.375,
    "rx_packets": 2.421875,
    "swap": 0.0,
    "tx_bytes": 102.421875,
    "tx_packets": 1.328125,
    "vmem": 44872.0,
    "wchar": 35845.390625,
    "write_bytes": 12160.0
  },
  "HW": {
    "cpu": {
      "CPUs": 24,
      "CoresPerSocket": 6,
      "ModelName": "Intel(R) Xeon(R) CPU E5-2630 0 @ 2.30GHz",
      "Sockets": 2,
      "ThreadsPerCore": 2
    },
    "mem": {
      "MemTotal": 49258244
    }
  },
  "Max": {
    "nprocs": 7,
    "nthreads": 7,
    "pss": 1874,
    "rchar": 11231002,
    "read_bytes": 857321472,
    "rss": 4748,
    "rx_bytes": 23864,
    "rx_packets": 31,
    "stime": 3,
    "swap": 0,
    "tx_bytes": 1311,
    "tx_packets": 17,
    "utime": 1,
    "vmem": 44872,
    "wchar": 458821,
    "write_bytes": 155648,
    "wtime": 12
  }
}
